case	leg	dir	pool	family	fee	ok_list	amount_in_wei	amount_in_units	amount_out_wei	amount_out_units	fee_paid_in	fee_unit	source
CASE_CAKE	hop1_buy	USDT->Cake	0x7f51c8aaa6b0599abd16674e2b17fec7a9f674a1	pcs_v3	2500	true	195058899531652779389	195.058899531652779389	80988348976735581076	80.988348976735581076	0.487647248829131948	USDT	PAPER+QUOTER khop (fit CPMM USDT->token = QuoterV2 hop1)
CASE_CAKE	hop2_sell	Cake->USDT	0x55fe55677e8398ef5c92f01b780403c9a771a1c0	pcs_v3	10000	false	80988348976735581076	80.988348976735581076	207111570832585772397	207.111570832585772397	0.809883489767355811	Cake	PAPER=CPMM inverse of USDT->token fit probe=710.11 USDT
CASE_CAKE	hop2_sell	Cake->USDT	0x55fe55677e8398ef5c92f01b780403c9a771a1c0	pcs_v3	10000	false	80988348976735581076	80.988348976735581076	42973630202155319675	42.973630202155319675	0.809883489767355811	Cake	QUOTER=eth_call PCS QuoterV2 Cake->USDT fee=10000 block parent=victim 122418791/122418792
CASE_CAKE	hop2_sell	Cake->USDT	0x55fe55677e8398ef5c92f01b780403c9a771a1c0	pcs_v3	10000	false	80988348976735581076	80.988348976735581076	42973630531652767101	42.973630531652767101	0.809883489767355811	Cake	REVM=final_out implied BAOCAO55 (net+borrow+gas+bribe)
CASE_LINK	hop1_buy	USDT->token	0x75c5fbf77c1cd517544487aca4cc41e1ad95aced	uni_v3	3000	false	46372956426206550302	46.372956426206550302	109205556823185435639	109.205556823185435639	0.139118869278619651	USDT	PAPER=fit CPMM USDT->token Uni QuoterV2 probes
CASE_LINK	hop1_buy	USDT->token	0x75c5fbf77c1cd517544487aca4cc41e1ad95aced	uni_v3	3000	false	46372956426206550302	46.372956426206550302	95427676590205946324	95.427676590205946324	0.139118869278619651	USDT	QUOTER=eth_call Uni QuoterV2 USDT->token fee=3000 block 122417144/122417145
CASE_LINK	hop2_sell	token->USDT	0xa1ff9406219ffa6bcc3d89c2719dd91d231d4cee	pcs_v3	10000	true	109205556823185435639	109.205556823185435639	51286046446566114970	51.286046446566114970	1.092055568231854356	token	PAPER=CPMM inverse ; amount_in=paper hop1
CASE_LINK	hop2_sell	token->USDT	0xa1ff9406219ffa6bcc3d89c2719dd91d231d4cee	pcs_v3	10000	true	95427676590205946324	95.427676590205946324	44816490241708360292	44.816490241708360292	0.954276765902059463	token	QUOTER=eth_call PCS QuoterV2 token->USDT fee=10000
CASE_LINK	hop2_sell	token->USDT	0xa1ff9406219ffa6bcc3d89c2719dd91d231d4cee	pcs_v3	10000	true	95427676590205946324	95.427676590205946324	44816490426206550302	44.816490426206550302	0.954276765902059463	token	REVM=final_out implied BAOCAO55
